id_cliente,idade,sexo,tempo_cliente,plano,valor_mensal,numero_suporte,usa_app,churn
1,56.0,F,52,Basico,24.44,1.0,Sim,0
2,53.0,M,40,Premium,94.78,1.0,Sim,0
3,61.0,F,30,Basico,27.1,1.0,Sim,0
4,61.0,M,25,Premium,82.12,2.0,Nao,1
5,33.0,F,15,Intermediario,69.66,,Nao,0
6,20.0,F,37,Basico,28.87,1.0,Sim,1
7,21.0,M,25,Basico,27.0,2.0,Nao,1
8,64.0,F,35,Basico,28.54,3.0,Sim,0
9,59.0,,4,Intermediario,57.19,1.0,Nao,1
10,57.0,F,21,Premium,103.23,1.0,Nao,0
11,43.0,F,25,Premium,999.0,1.0,Nao,1
12,24.0,M,9,Premium,63.55,2.0,Sim,0
13,34.0,M,8,Premium,999.0,0.0,Nao,1
14,58.0,M,28,Premium,101.32,3.0,nao,0
15,41.0,F,37,Intermediario,63.13,2.0,Nao,0
16,18.0,F,5,Basico,36.78,3.0,Nao,1
17,59.0,M,13,Basico,30.75,3.0,Sim,0
18,32.0,,43,Premium,88.3,2.0,Nao,0
19,45.0,,2,Basico,22.67,,Sim,1
20,,M,-5,Intermediario,63.93,2.0,Nao,1
21,42.0,M,39,Intermediario,erro,1.0,Sim,0
22,20.0,M,39,Basico,32.3,1.0,Nao,1
23,50.0,F,51,Basico,25.47,1.0,Sim,0
24,29.0,M,39,Intermediario,46.83,2.0,Nao,1
25,19.0,F,2,Premium,83.37,3.0,nao,1
26,23.0,M,32,Basico,29.58,1.0,Sim,1
27,34.0,F,38,Basico,37.01,2.0,Sim,0
28,23.0,F,16,Intermediario,40.98,0.0,Sim,0
29,53.0,F,19,Intermediario,63.88,1.0,Sim,0
30,57.0,M,39,Premium,99.08,1.0,Sim,0
31,42.0,F,50,Premium,102.2,3.0,Nao,1
32,29.0,M,5,Premium,71.54,3.0,Sim,0
33,,M,20,Basico,31.25,1.0,Nao,1
34,55.0,F,40,Intermediario,58.46,1.0,Sim,1
35,52.0,M,25,Intermediario,erro,2.0,Sim,0
36,38.0,M,48,Premium,97.11,5.0,Sim,1
37,39.0,M,46,Basico,31.58,3.0,Nao,0
38,64.0,M,33,Basico,30.3,2.0,nao,1
39,34.0,F,44,Premium,86.65,0.0,nao,0
40,63.0,F,53,Premium,100.71,2.0,Sim,0
41,49.0, F,23,Premium,88.33,2.0,Nao,0
42,63.0,F,24,Basico,21.25,2.0,Sim,1
43,59.0,M,2,Basico,34.41,1.0,Sim,1
44,59.0, F,55,Basico,27.75,1.0,Nao,0
45,24.0,M,57,Premium,72.25,0.0,Nao,1
46,,M,12,Intermediario,59.95,1.0,Nao,0
47,49.0,M,23,Premium,72.0,2.0,Nao,0
48,59.0,M,6,Intermediario,67.01,2.0,Sim,0
49,61.0,M,44,Basico,26.35,0.0,Sim,0
50,,M,35,Premium,93.25,4.0,Nao,0
51,36.0,F,28,Intermediario,46.42,1.0,Sim,0
52,29.0,M,53,Premium,102.6,0.0,Nao,0
53,64.0,M,34,Intermediario,51.81,2.0,Sim,0
54,22.0,F,22,Basico,28.98,1.0,Nao,1
55,54.0,F,22,Basico,32.22,,Nao,1
56,56.0,M,36,Premium,101.62,1.0,Nao,1
57,27.0, F,54,Basico,27.8,2.0,Sim,0
58,22.0,F,45,Intermediario,56.31,1.0,Sim,0
59,45.0,M,32,Premium,91.7,2.0,Nao,0
60,54.0,F,12,Basico,33.31,3.0,Nao,1
61,48.0,F,46,Intermediario,50.14,2.0,Sim,0
62,58.0,M,7,Basico,31.04,0.0,Sim,0
63,62.0,F,11,Basico,31.81,2.0,Nao,0
64,52.0,,49,Basico,32.91,1.0,Sim,1
65,49.0, F,24,Intermediario,56.8,2.0,Nao,1
66,47.0,M,17,Basico,35.36,2.0,Nao,1
67,36.0,M,49,Intermediario,50.89,4.0,Nao,1
68,29.0,F,25,Basico,34.92,1.0,Sim,0
69,33.0,M,57,Basico,39.07,6.0,Nao,1
70,44.0,M,58,Premium,96.07,1.0,Nao,1
71,25.0,M,48,Premium,94.35,3.0,Nao,1
72,56.0,M,27,Premium,87.19,1.0,nao,0
73,62.0,F,13,Intermediario,69.44,,Sim,0
74,42.0,F,-5,Intermediario,35.85,4.0,Sim,1
75,33.0,F,54,Intermediario,63.44,0.0,Sim,1
76,31.0,,15,Premium,74.01,4.0,Nao,1
77,49.0,F,16,Intermediario,53.89,2.0,Sim,0
78,,M,28,Premium,104.64,1.0,Sim,0
79,34.0,,9,Basico,erro,1.0,Sim,0
80,23.0,F,18,Intermediario,49.23,3.0,Sim,0
81,62.0,F,5,Premium,88.9,2.0,Sim,0
82,42.0,M,22,Basico,28.59,2.0,Nao,1
83,18.0,F,21,Intermediario,55.05,4.0,Sim,1
84,62.0,M,13,Premium,90.7,3.0,Nao,1
85,56.0,F,26,Basico,12.61,4.0,Sim,0
86,34.0,M,48,Basico,28.66,3.0,Nao,0
87,56.0,F,38,Premium,93.05,3.0,Sim,0
88,55.0,F,33,Intermediario,55.5,5.0,Nao,0
89,27.0,M,17,Basico,28.59,,nao,1
90,64.0,M,-5,Intermediario,38.35,2.0,Nao,0
91,21.0,M,40,Intermediario,47.48,4.0,Sim,0
92,35.0,,28,Premium,115.11,1.0,Sim,0
93,22.0,M,41,Premium,101.79,,Nao,1
94,44.0, F,9,Intermediario,erro,0.0,Sim,0
95,39.0,F,47,Premium,erro,1.0,Sim,0
96,25.0,F,49,Basico,30.21,4.0,Sim,0
97,31.0,F,24,Intermediario,52.47,1.0,Sim,0
98,40.0,M,46,Intermediario,56.27,1.0,nao,0
99,55.0,F,35,Intermediario,46.29,1.0,nao,0
100,,F,39,Premium,86.6,0.0,Nao,0
101,42.0,F,17,Premium,84.75,2.0,Nao,0
102,39.0,F,34,Intermediario,33.89,3.0,Sim,0
103,,F,34,Premium,89.83,2.0,Sim,0
104,,M,55,Intermediario,38.62,2.0,Sim,0
105,41.0,M,55,Premium,101.96,0.0,Sim,0
106,47.0,M,56,Premium,92.18,4.0,Sim,0
107,22.0,F,6,Basico,33.2,3.0,Nao,1
108,53.0,F,13,Intermediario,46.85,1.0,Sim,0
109,27.0,F,5,Basico,35.03,2.0,Sim,1
110,41.0,F,38,Intermediario,49.23,2.0,Sim,0
111,61.0,M,50,Premium,95.57,2.0,Sim,0
112,39.0,F,29,Basico,26.98,1.0,Nao,1
113,47.0,M,35,Premium,95.92,2.0,Nao,0
114,42.0,M,18,Basico,27.9,2.0,Nao,1
115,55.0,F,33,Premium,90.28,2.0,Sim,0
116,57.0,M,40,Basico,38.38,1.0,Nao,0
117,24.0,M,51,Basico,25.63,5.0,Nao,1
118,54.0,M,27,Premium,83.99,1.0,Sim,0
119,27.0,F,5,Intermediario,51.52,1.0,Sim,0
120,41.0,M,52,Intermediario,63.29,2.0,Sim,0
121,29.0,F,45,Intermediario,63.7,2.0,Sim,0
122,28.0,M,10,Premium,110.33,1.0,Sim,0
123,43.0,,46,Premium,101.43,1.0,Sim,0
124,57.0,M,43,Basico,31.06,5.0,Sim,1
125,26.0,M,54,Premium,85.06,1.0,Sim,0
126,18.0,M,54,Premium,82.95,2.0,Nao,1
127,26.0,M,10,Intermediario,44.88,3.0,Sim,0
128,34.0,M,43,Intermediario,38.45,0.0,Nao,0
129,41.0,M,25,Basico,16.52,3.0,Sim,1
130,38.0,F,49,Basico,29.73,2.0,Sim,0
131,45.0,F,40,Intermediario,80.73,0.0,Nao,0
132,36.0,M,32,Premium,90.89,2.0,Sim,0
133,36.0,M,18,Basico,35.2,3.0,nao,0
134,21.0,M,1,Intermediario,44.99,1.0,Nao,0
135,27.0,M,10,Premium,90.95,5.0,Nao,1
136,40.0,F,59,Intermediario,64.52,2.0,Sim,0
137,50.0,F,28,Premium,84.74,3.0,Sim,0
138,54.0,F,54,Basico,28.85,1.0,Sim,0
139,24.0,,10,Premium,64.95,3.0,Sim,0
140,40.0,F,55,Intermediario,72.65,2.0,Sim,0
141,51.0,M,53,Premium,93.17,1.0,Nao,0
142,63.0,F,23,Premium,88.55,2.0,Nao,1
143,57.0,M,2,Premium,69.78,1.0,Sim,0
144,46.0,M,45,Intermediario,999.0,5.0,Sim,1
145,54.0,M,25,Intermediario,73.11,0.0,Nao,1
146,44.0,M,57,Premium,89.69,2.0,Nao,0
147,24.0,M,10,Basico,29.21,2.0,Nao,1
148,60.0,M,1,Premium,102.1,0.0,Nao,0
149,43.0,M,29,Basico,22.38,2.0,Nao,1
150,51.0,M,55,Premium,78.02,3.0,Sim,1
151,37.0,F,19,Intermediario,49.24,2.0,Nao,0
152,26.0,M,9,Basico,30.61,2.0,Nao,1
153,42.0,F,39,Basico,34.93,4.0,Sim,0
154,36.0,F,8,Basico,999.0,6.0,Sim,0
155,58.0,M,45,Intermediario,51.9,4.0,Nao,1
156,,M,9,Intermediario,56.16,1.0,Sim,0
157,46.0,M,18,Intermediario,68.57,3.0,Nao,0
158,20.0,M,37,Intermediario,27.88,2.0,Nao,0
159,21.0,F,29,Intermediario,67.3,3.0,Sim,0
160,51.0,F,30,Basico,34.18,,Nao,1
161,35.0,M,32,Basico,42.99,1.0,Nao,1
162,56.0,F,20,Intermediario,48.5,2.0,Sim,0
163,47.0,M,50,Basico,24.98,0.0,Sim,1
164,63.0, F,15,Basico,26.16,2.0,Sim,1
165,54.0,,37,Basico,29.17,4.0,Nao,0
166,25.0,M,20,Basico,25.87,3.0,Nao,1
167,43.0,M,41,Intermediario,60.55,1.0,Sim,0
168,26.0,F,35,Intermediario,48.77,2.0,Nao,0
169,35.0,M,17,Intermediario,58.44,1.0,Sim,0
170,26.0,F,4,Premium,84.35,1.0,Sim,0
171,20.0,M,59,Premium,98.15,1.0,Nao,0
172,32.0,M,38,Intermediario,65.84,2.0,Sim,1
173,30.0,F,28,Premium,37.79,3.0,Nao,0
174,62.0,F,33,Premium,76.95,8.0,Nao,0
175,55.0,F,7,Basico,35.2,0.0,Sim,0
176,47.0,F,39,Basico,29.53,1.0,Nao,0
177,46.0,F,12,Intermediario,56.91,2.0,Nao,0
178,52.0,M,48,Premium,90.7,0.0,Sim,0
179,27.0,F,41,Intermediario,54.05,2.0,Nao,0
180,49.0,F,36,Intermediario,57.79,0.0,Nao,1
181,34.0,F,12,Basico,30.66,2.0,Nao,0
182,64.0,F,29,Premium,79.5,3.0,Sim,1
183,,F,6,Intermediario,66.37,1.0,Sim,1
184,51.0,F,29,Intermediario,50.43,1.0,Nao,0
185,32.0,F,55,Basico,27.29,3.0,Nao,0
186,61.0,M,56,Basico,34.39,3.0,Sim,1
187,22.0,F,3,Basico,24.42,2.0,Sim,0
188,41.0,F,12,Premium,72.43,3.0,Nao,1
189,46.0,,53,Intermediario,53.41,1.0,Nao,0
190,61.0,M,53,Premium,72.2,3.0,Sim,1
191,24.0,,17,Basico,22.87,1.0,Sim,1
192,39.0,,54,Intermediario,61.06,2.0,Nao,0
193,34.0,F,8,Basico,39.81,5.0,Nao,0
194,28.0,,22,Intermediario,51.15,1.0,Nao,1
195,63.0,F,32,Premium,89.79,1.0,Sim,0
196,50.0,M,2,Basico,28.08,2.0,Nao,0
197,43.0,F,22,Basico,33.16,1.0,Nao,0
198,,M,11,Basico,25.11,0.0,Sim,0
199,26.0,F,6,Basico,37.38,4.0,Nao,1
200,24.0,M,11,Premium,112.86,4.0,Nao,1
201,,M,14,Basico,26.74,3.0,Sim,1
202,49.0,F,51,Premium,82.74,1.0,Nao,0
203,,F,32,Premium,82.65,0.0,Sim,0
204,46.0,M,54,Intermediario,85.94,0.0,Nao,1
205,29.0,M,49,Basico,32.0,2.0,nao,1
206,37.0,F,24,Basico,33.24,3.0,Sim,1
207,53.0,F,2,Basico,36.58,3.0,Sim,1
208,35.0,F,40,Premium,96.59,3.0,Nao,0
209,59.0,M,-5,Basico,31.15,1.0,Sim,0
210,64.0,F,14,Premium,55.13,2.0,Sim,1
211,42.0,F,57,Premium,105.71,,Nao,0
212,29.0,F,56,Premium,85.57,1.0,Sim,0
213,27.0,M,3,Premium,61.22,2.0,Nao,1
214,25.0,M,43,Premium,80.13,2.0,Nao,1
215,60.0,M,37,Basico,32.52,4.0,Sim,1
216,37.0,F,50,Intermediario,33.46,1.0,Sim,0
217,43.0,M,29,Intermediario,42.63,1.0,Nao,1
218,31.0,M,12,Basico,33.15,3.0,Nao,0
219,46.0,F,57,Premium,66.83,2.0,Nao,1
220,62.0,M,52,Basico,32.52,2.0,Nao,0
221,18.0,M,55,Premium,80.64,2.0,Nao,0
222,43.0,F,43,Basico,39.57,4.0,Sim,1
223,25.0,,25,Premium,106.58,2.0,Sim,0
224,43.0, F,28,Basico,35.94,1.0,Nao,1
225,50.0,F,41,Intermediario,52.38,0.0,Sim,0
226,55.0,M,46,Premium,82.38,4.0,Sim,0
227,18.0,F,-5,Intermediario,64.8,2.0,Nao,0
228,36.0,M,29,Intermediario,41.65,1.0,Nao,1
229,61.0,F,38,Basico,30.85,3.0,Nao,0
230,19.0,F,6,Premium,79.5,2.0,Nao,1
231,54.0,F,15,Premium,124.93,4.0,Nao,1
232,33.0,F,47,Intermediario,62.25,0.0,Nao,0
233,53.0,M,11,Intermediario,42.83,1.0,Sim,1
234,21.0,M,48,Basico,27.59,4.0,Nao,1
235,47.0,M,18,Basico,31.58,2.0,Nao,0
236,56.0,F,13,Basico,29.67,,Nao,0
237,59.0,F,56,Basico,29.9,2.0,Nao,0
238,30.0,F,55,Basico,32.76,4.0,nao,1
239,59.0,M,8,Basico,31.58,1.0,Nao,0
240,53.0,F,39,Premium,112.64,1.0,Sim,0
241,50.0,M,55,Premium,72.19,3.0,Nao,1
242,32.0,F,35,Intermediario,58.1,2.0,Nao,1
243,42.0,F,2,Intermediario,61.67,2.0,Sim,0
244,28.0,M,39,Basico,22.25,3.0,Nao,0
245,62.0,F,46,Premium,102.14,2.0,Sim,0
246,,F,4,Basico,23.45,3.0,Nao,1
247,25.0,F,38,Intermediario,71.9,1.0,Nao,1
248,,M,23,Premium,103.06,3.0,Nao,1
249,39.0,F,44,Premium,109.67,1.0,Sim,0
250,33.0,M,12,Intermediario,61.94,4.0,Nao,1
251,57.0,F,54,Premium,108.2,2.0,Sim,0
252,50.0,F,53,Premium,92.13,3.0,Sim,0
253,62.0,F,2,Premium,66.95,1.0,Nao,0
254,40.0,M,26,Intermediario,43.09,5.0,Sim,1
255,64.0,M,49,Basico,30.41,5.0,nao,1
256,38.0,M,35,Basico,29.51,1.0,Sim,1
257,37.0,F,18,Premium,106.29,0.0,nao,0
258,53.0,F,31,Premium,97.12,3.0,Nao,0
259,58.0,M,6,Premium,84.42,,Sim,1
260,42.0,F,15,Premium,75.12,4.0,Nao,1
261,,F,29,Intermediario,57.83,1.0,Sim,0
262,36.0,M,31,Basico,26.03,0.0,Sim,0
263,27.0,M,25,Basico,30.74,2.0,Sim,1
264,63.0,M,51,Basico,28.31,1.0,Sim,0
265,21.0, F,39,Basico,26.33,1.0,Sim,0
266,55.0,M,39,Intermediario,47.57,4.0,Nao,1
267,39.0,F,-5,Basico,27.97,2.0,Nao,1
268,55.0,F,15,Intermediario,43.38,2.0,Nao,0
269,30.0,M,21,Basico,32.08,1.0,Nao,1
270,34.0,F,35,Basico,35.38,2.0,Sim,1
271,43.0,F,4,Premium,84.16,4.0,Nao,0
272,58.0,M,17,Premium,98.31,3.0,Nao,1
273,57.0,F,21,Basico,29.91,2.0,Nao,0
274,40.0,M,24,Premium,109.68,1.0,Nao,0
275,40.0,M,37,Premium,101.9,1.0,Sim,1
276,37.0,M,21,Basico,36.14,5.0,Sim,1
277,22.0,F,5,Basico,35.93,1.0,Nao,1
278,45.0,M,17,Premium,100.78,3.0,Nao,1
279,53.0,M,4,Intermediario,61.42,,Nao,0
280,38.0, F,36,Basico,36.12,3.0,Sim,0
281,49.0,M,32,Premium,77.19,2.0,Sim,0
282,31.0,F,58,Premium,95.39,3.0,Nao,1
283,63.0,,49,Intermediario,41.59,5.0,Nao,1
284,25.0,F,46,Basico,34.57,3.0,Sim,0
285,60.0,F,25,Intermediario,54.06,2.0,Sim,0
286,41.0,F,44,Intermediario,54.14,3.0,Sim,0
287,,F,23,Basico,33.77,,Sim,0
288,33.0,M,8,Intermediario,58.81,3.0,Sim,0
289,59.0,M,34,Intermediario,57.61,2.0,Sim,0
290,30.0,F,9,Basico,23.0,1.0,Nao,0
291,29.0,M,17,Basico,33.87,4.0,Sim,1
292,21.0,F,20,Basico,35.61,2.0,nao,0
293,57.0,M,39,Premium,107.5,0.0,Sim,0
294,21.0,M,29,Intermediario,49.27,1.0,Nao,0
295,21.0,M,56,Intermediario,71.31,3.0,Sim,1
296,39.0,M,24,Basico,34.78,4.0,Nao,1
297,53.0,F,30,Basico,26.42,0.0,Nao,1
298,45.0,M,59,Basico,20.67,3.0,Nao,0
299,37.0,F,48,Basico,32.73,4.0,nao,1
300,27.0,F,50,Premium,75.85,1.0,Sim,0
301,,F,6,Basico,20.52,2.0,Nao,0
302,46.0,F,37,Premium,92.55,4.0,Sim,1
303,56.0,M,50,Premium,91.5,0.0,Nao,1
304,63.0,M,44,Intermediario,56.46,1.0,Nao,0
305,53.0,M,21,Premium,75.35,2.0,nao,0
306,48.0,M,42,Basico,999.0,2.0,Sim,0
307,60.0,M,20,Premium,105.8,1.0,Nao,0
308,23.0,M,15,Basico,40.17,0.0,Nao,0
309,37.0,M,24,Premium,100.54,0.0,Sim,0
310,31.0,F,57,Premium,91.45,2.0,Nao,0
311,54.0,M,24,Basico,23.65,3.0,Sim,0
312,59.0,F,57,Intermediario,44.27,3.0,Sim,0
313,60.0,M,41,Basico,31.2,2.0,Nao,1
314,22.0,M,2,Basico,37.15,2.0,Sim,0
315,,M,22,Intermediario,64.44,0.0,Sim,0
316,52.0,F,51,Intermediario,48.11,2.0,Sim,1
317,21.0,M,-5,Premium,95.36,1.0,Sim,0
318,57.0,F,58,Intermediario,46.63,3.0,Sim,0
319,61.0,F,33,Premium,108.97,2.0,Nao,1
320,22.0,M,51,Basico,27.68,1.0,Sim,1
321,,F,41,Intermediario,73.73,4.0,Nao,0
322,29.0,F,2,Basico,35.4,3.0,nao,0
323,50.0,M,28,Premium,81.8,2.0,Nao,0
324,23.0,M,46,Basico,27.42,0.0,Nao,0
325,29.0,F,11,Basico,32.61,4.0,Nao,0
326,48.0,F,59,Premium,90.09,1.0,Sim,0
327,50.0,M,4,Intermediario,60.8,0.0,nao,0
328,,F,29,Basico,31.63,2.0,Sim,0
329,28.0,F,2,Intermediario,53.35,3.0,Nao,1
330,38.0,F,28,Premium,109.59,1.0,Nao,1
331,51.0,F,41,Intermediario,47.16,3.0,Sim,0
332,47.0,M,15,Intermediario,61.09,1.0,Sim,0
333,51.0,F,2,Premium,76.15,2.0,Nao,1
334,20.0,F,4,Premium,97.56,2.0,Nao,1
335,63.0,M,52,Basico,33.62,3.0,Nao,1
336,44.0,F,-5,Intermediario,61.67,3.0,Nao,1
337,47.0,F,14,Basico,28.11,1.0,Sim,0
338,39.0,M,48,Basico,29.92,7.0,Sim,0
339,36.0,F,47,Basico,22.64,0.0,Sim,1
340,34.0,,30,Intermediario,52.38,0.0,Sim,0
341,42.0,F,14,Intermediario,38.94,2.0,Sim,0
342,25.0,M,2,Basico,33.9,3.0,Nao,1
343,46.0,M,49,Premium,81.63,2.0,Nao,0
344,37.0,F,37,Premium,64.62,1.0,Nao,1
345,26.0,,4,Basico,27.41,2.0,Nao,1
346,46.0,F,22,Intermediario,57.41,4.0,Sim,0
347,45.0,F,4,Intermediario,52.43,5.0,Nao,1
348,42.0,F,18,Basico,17.99,2.0,Nao,1
349,59.0,F,1,Basico,22.93,2.0,Sim,1
350,30.0,M,38,Basico,17.03,1.0,Sim,0
351,37.0,F,33,Basico,35.42,2.0,Nao,0
352,26.0,M,24,Intermediario,49.22,0.0,Nao,0
353,41.0,F,21,Intermediario,56.04,4.0,Sim,1
354,18.0,F,40,Basico,19.19,3.0,Nao,0
355,,M,45,Intermediario,61.88,0.0,Nao,0
356,64.0,F,23,Intermediario,59.2,0.0,Nao,0
357,35.0,M,2,Premium,106.15,1.0,Sim,0
358,57.0,M,20,Premium,999.0,2.0,Nao,0
359,19.0,F,29,Intermediario,44.1,1.0,Nao,0
360,26.0,F,57,Basico,37.05,,Nao,0
361,19.0,F,29,Intermediario,55.58,1.0,Sim,0
362,52.0,M,43,Intermediario,47.55,2.0,Nao,1
363,48.0,F,25,Intermediario,63.55,4.0,nao,1
364,47.0,F,44,Basico,36.44,5.0,Nao,1
365,53.0,M,33,Premium,110.96,1.0,Sim,1
366,18.0,M,1,Basico,45.44,3.0,Sim,1
367,64.0,,31,Intermediario,59.36,0.0,Sim,0
368,25.0,F,34,Basico,36.63,3.0,Nao,1
369,22.0,F,30,Intermediario,55.05,2.0,Sim,1
370,44.0,M,42,Basico,27.62,1.0,Nao,1
371,47.0,F,42,Premium,88.6,4.0,Nao,0
372,34.0,M,45,Premium,93.43,5.0,Nao,1
373,40.0,M,51,Premium,999.0,1.0,Nao,0
374,,F,21,Premium,82.99,3.0,Nao,1
375,52.0,F,13,Basico,28.97,4.0,Sim,0
376,54.0,M,39,Intermediario,78.34,1.0,nao,0
377,53.0,M,54,Intermediario,57.54,2.0,Nao,0
378,45.0,M,5,Intermediario,59.68,4.0,Sim,1
379,61.0,F,44,Intermediario,54.48,2.0,Sim,0
380,40.0,F,15,Premium,114.62,4.0,Sim,0
381,45.0,M,51,Intermediario,70.18,3.0,Sim,1
382,34.0, F,49,Premium,115.43,1.0,Nao,1
383,20.0,M,59,Basico,33.61,2.0,nao,0
384,27.0,F,42,Intermediario,46.38,3.0,Nao,0
385,47.0,F,57,Premium,88.14,1.0,Sim,1
386,,,5,Premium,84.65,4.0,Nao,1
387,51.0,M,46,Intermediario,64.62,0.0,Sim,0
388,25.0,F,3,Premium,73.09,3.0,Nao,1
389,55.0,F,16,Premium,79.26,2.0,Sim,1
390,43.0,M,13,Intermediario,58.36,2.0,Sim,0
391,40.0,F,14,Intermediario,50.31,0.0,Sim,0
392,,M,1,Intermediario,48.02,1.0,Sim,1
393,36.0,,53,Basico,37.41,1.0,Nao,0
394,27.0,F,10,Intermediario,50.21,4.0,Sim,1
395,41.0,M,15,Basico,35.3,1.0,Nao,1
396,48.0,M,14,Basico,43.8,4.0,nao,1
397,46.0,M,26,Basico,33.47,3.0,nao,0
398,46.0,M,28,Intermediario,70.96,0.0,Sim,0
399,36.0,M,9,Premium,82.86,4.0,Nao,0
400,54.0,M,17,Premium,103.12,2.0,Sim,0
401,27.0,M,47,Basico,32.61,5.0,Nao,1
402,36.0,F,19,Premium,77.75,1.0,Nao,1
403,56.0,M,28,Basico,29.63,0.0,Nao,0
404,52.0,F,44,Basico,35.56,0.0,Nao,0
405,30.0,M,18,Premium,57.53,4.0,Nao,0
406,40.0,M,45,Premium,110.08,0.0,Nao,1
407,25.0,F,7,Intermediario,58.72,1.0,Nao,0
408,18.0,F,36,Premium,81.19,0.0,Nao,1
409,30.0,M,57,Basico,32.57,1.0,Sim,0
410,30.0,M,37,Basico,32.95,4.0,Nao,1
411,55.0,M,17,Premium,86.18,2.0,nao,1
412,18.0,M,20,Premium,96.65,1.0,Nao,1
413,45.0,F,58,Premium,93.47,0.0,Nao,1
414,58.0, F,34,Premium,106.47,1.0,Nao,1
415,42.0,F,33,Premium,77.3,4.0,Sim,0
416,26.0,F,32,Premium,100.97,4.0,Sim,1
417,20.0,F,29,Basico,26.28,3.0,Sim,0
418,26.0,M,55,Premium,78.04,4.0,Sim,1
419,43.0,F,44,Basico,34.16,2.0,Sim,0
420,25.0,F,40,Premium,93.78,2.0,Sim,0
421,64.0,M,52,Basico,36.22,1.0,Sim,0
422,43.0,F,49,Intermediario,46.01,2.0,Sim,1
423,50.0,F,50,Premium,105.53,6.0,Sim,1
424,48.0,F,30,Basico,26.07,5.0,Nao,0
425,28.0,M,31,Basico,30.24,1.0,Sim,0
426,,,54,Basico,31.66,0.0,Sim,1
427,61.0,M,51,Basico,25.89,,Sim,0
428,47.0,M,32,Basico,36.58,1.0,Sim,0
429,34.0,,59,Intermediario,58.06,4.0,Nao,1
430,,F,40,Intermediario,65.55,,Nao,0
431,46.0,F,3,Intermediario,89.96,2.0,Nao,1
432,52.0,M,49,Basico,22.68,1.0,Nao,0
433,62.0,F,52,Intermediario,67.45,5.0,Sim,0
434,58.0,F,41,Intermediario,35.84,2.0,Nao,0
435,58.0,M,29,Intermediario,71.84,2.0,Nao,0
436,62.0,M,7,Intermediario,49.73,5.0,Nao,1
437,62.0,F,29,Basico,25.7,1.0,Nao,0
438,44.0,F,4,Premium,74.55,,Sim,1
439,44.0,M,40,Intermediario,48.47,3.0,Sim,0
440,62.0,M,5,Basico,36.07,2.0,Sim,1
441,23.0,F,37,Basico,25.67,1.0,Sim,0
442,,M,47,Premium,99.68,1.0,Sim,0
443,53.0,M,47,Intermediario,69.83,3.0,Sim,0
444,64.0,M,54,Premium,82.78,1.0,Nao,0
445,38.0, F,8,Premium,81.02,2.0,Nao,0
446,26.0,M,17,Premium,93.43,1.0,Nao,1
447,21.0,F,48,Premium,105.78,,Sim,0
448,42.0,M,51,Intermediario,45.02,5.0,Sim,0
449,40.0,M,58,Premium,99.99,2.0,Sim,0
450,23.0,M,20,Basico,32.11,6.0,Nao,1
451,32.0,M,36,Basico,33.48,1.0,Nao,0
452,57.0,F,14,Basico,34.25,3.0,Sim,0
453,36.0,F,6,Intermediario,60.01,0.0,Nao,0
454,44.0,F,16,Intermediario,55.5,2.0,Sim,0
455,29.0,M,16,Intermediario,50.21,4.0,Nao,0
456,20.0,F,50,Premium,77.06,2.0,nao,0
457,50.0,M,49,Basico,29.73,1.0,Nao,0
458,22.0,F,57,Basico,28.8,2.0,Sim,1
459,58.0,,19,Premium,82.34,1.0,Sim,0
460,37.0,M,54,Basico,31.06,1.0,Nao,0
461,46.0,F,56,Basico,29.86,1.0,Sim,0
462,45.0, F,41,Premium,85.99,3.0,Sim,0
463,20.0,F,10,Premium,115.58,3.0,Nao,0
464,44.0,M,29,Premium,91.79,1.0,Nao,0
465,37.0,F,44,Intermediario,46.14,3.0,Sim,0
466,26.0,M,33,Basico,29.54,3.0,Nao,1
467,21.0,M,1,Basico,29.33,1.0,nao,0
468,38.0,M,59,Premium,74.9,3.0,Sim,0
469,62.0,F,4,Intermediario,55.7,3.0,nao,0
470,23.0,F,48,Basico,33.61,3.0,Nao,0
471,38.0,M,25,Intermediario,38.95,2.0,nao,0
472,34.0,M,43,Intermediario,50.61,,Nao,1
473,40.0,M,47,Premium,78.24,1.0,Nao,1
474,20.0,F,58,Intermediario,48.09,2.0,Nao,1
475,35.0,M,38,Basico,29.33,2.0,Sim,0
476,44.0,F,46,Intermediario,30.93,2.0,Sim,0
477,60.0,F,25,Intermediario,63.53,2.0,Sim,0
478,19.0,F,58,Intermediario,51.11,,Nao,0
479,60.0,F,37,Intermediario,51.04,,Sim,0
480,24.0,F,43,Premium,110.95,2.0,Sim,0
481,31.0,F,38,Basico,23.72,1.0,Nao,1
482,27.0,M,28,Basico,999.0,4.0,Sim,1
483,21.0,M,12,Premium,91.49,2.0,Nao,0
484,42.0,,45,Basico,21.7,,Sim,1
485,59.0,F,58,Intermediario,52.7,2.0,Nao,0
486,59.0,,23,Intermediario,46.49,5.0,Nao,0
487,,F,32,Premium,74.44,0.0,nao,1
488,57.0,M,21,Intermediario,62.44,3.0,Nao,1
489,34.0,M,43,Intermediario,60.73,0.0,Nao,0
490,53.0,M,34,Premium,95.23,2.0,Sim,1
491,36.0,F,54,Premium,105.32,2.0,Sim,0
492,64.0,F,42,Basico,40.44,1.0,Sim,0
493,18.0,F,34,Premium,89.37,4.0,Nao,0
494,20.0,F,7,Intermediario,74.31,6.0,nao,0
495,60.0,F,32,Intermediario,61.35,5.0,Sim,1
496,58.0,M,7,Premium,95.36,1.0,Sim,0
497,62.0,F,15,Premium,78.0,3.0,Nao,1
498,39.0,M,6,Basico,29.68,3.0,Sim,0
499,62.0,F,18,Premium,108.0,3.0,Nao,1
500,31.0,M,40,Intermediario,50.08,0.0,Nao,1
501,28.0,M,58,Premium,98.72,3.0,Sim,0
502,51.0,M,56,Premium,86.95,1.0,Sim,0
503,54.0, F,48,Basico,33.76,1.0,Sim,0
504,61.0,F,29,Premium,99.36,2.0,Nao,1
505,34.0,M,16,Basico,32.71,4.0,Nao,1
506,30.0,F,11,Basico,37.21,1.0,Nao,1
507,57.0,F,45,Basico,28.15,2.0,Nao,1
508,19.0,F,50,Premium,68.92,4.0,Sim,0
509,64.0,F,3,Intermediario,56.72,1.0,Nao,1
510,63.0,F,13,Basico,32.77,2.0,Nao,0
511,32.0,M,4,Basico,31.75,3.0,Sim,1
512,54.0,M,22,Intermediario,54.72,,Nao,0
513,52.0,F,15,Premium,81.93,4.0,Sim,0
514,57.0,M,13,Premium,91.0,3.0,Sim,1
515,,F,20,Premium,99.04,0.0,Nao,0
516,48.0,M,15,Premium,105.63,1.0,Nao,0
517,28.0,M,59,Intermediario,52.04,0.0,Nao,1
518,52.0,F,22,Basico,35.5,,nao,0
519,49.0,F,36,Intermediario,65.71,6.0,Sim,0
520,60.0,F,25,Intermediario,75.2,2.0,Sim,0
521,45.0,F,5,Basico,999.0,3.0,Sim,0
522,31.0,F,11,Premium,123.3,4.0,Nao,0
523,61.0,F,5,Intermediario,56.57,1.0,Sim,0
524,18.0,M,7,Basico,27.57,,Nao,0
525,39.0,F,50,Basico,34.76,1.0,Sim,0
526,60.0,M,15,Premium,97.11,5.0,Sim,1
527,54.0,F,49,Basico,31.93,2.0,Sim,1
528,25.0,M,29,Intermediario,52.96,1.0,Nao,0
529,33.0,,46,Basico,24.35,3.0,Nao,1
530,26.0,,35,Premium,99.34,1.0,Sim,0
531,48.0,M,55,Premium,98.73,1.0,Nao,1
532,29.0,F,49,Basico,30.79,,Sim,0
533,24.0,F,44,Intermediario,54.04,0.0,Nao,0
534,49.0,M,52,Premium,70.92,3.0,Sim,1
535,61.0, F,56,Intermediario,50.89,2.0,Nao,0
536,45.0,F,49,Basico,27.58,1.0,Sim,0
537,43.0,M,22,Intermediario,56.99,0.0,Nao,0
538,40.0,F,22,Premium,94.3,2.0,Nao,0
539,22.0,M,38,Premium,79.42,1.0,Sim,1
540,40.0,F,17,Intermediario,65.08,3.0,Sim,0
541,51.0,M,9,Premium,81.9,3.0,Nao,1
542,56.0,M,13,Intermediario,44.08,3.0,Sim,0
543,33.0,M,9,Intermediario,21.75,3.0,Sim,0
544,21.0,M,59,Premium,67.97,1.0,Sim,1
545,34.0,F,49,Premium,93.93,3.0,Sim,0
546,42.0, F,13,Intermediario,42.45,1.0,Sim,0
547,45.0,M,53,Basico,25.46,2.0,Nao,0
548,25.0,F,55,Premium,79.27,1.0,Sim,0
549,52.0,F,10,Intermediario,47.82,3.0,Nao,0
550,58.0,F,31,Premium,86.54,2.0,Nao,1
551,30.0,F,45,Basico,31.48,2.0,Sim,0
552,32.0,F,13,Basico,31.88,0.0,Sim,0
553,44.0,M,45,Basico,30.71,3.0,Sim,0
554,33.0,M,55,Intermediario,60.75,2.0,Sim,0
555,49.0,M,50,Premium,107.57,1.0,Sim,0
556,34.0,M,40,Premium,84.52,2.0,Nao,0
557,40.0,M,52,Premium,100.84,4.0,Sim,1
558,,M,33,Intermediario,50.46,2.0,Nao,0
559,29.0,M,1,Intermediario,42.46,0.0,Nao,1
560,48.0, F,17,Basico,32.31,1.0,Sim,0
561,57.0, F,23,Basico,29.01,2.0,Sim,1
562,,F,51,Premium,99.49,1.0,Sim,0
563,57.0,F,19,Intermediario,67.08,1.0,Sim,0
564,55.0,M,55,Intermediario,72.03,2.0,Sim,0
565,53.0,,58,Premium,119.14,2.0,Sim,0
566,52.0,M,46,Basico,27.58,0.0,Sim,0
567,18.0,F,42,Intermediario,64.97,2.0,Sim,0
568,61.0,M,27,Intermediario,50.34,0.0,Sim,1
569,29.0,F,31,Premium,91.28,1.0,Nao,0
570,43.0,M,20,Premium,45.13,5.0,Sim,1
571,29.0,M,41,Basico,25.26,4.0,Sim,0
572,18.0,M,54,Basico,38.74,1.0,Sim,1
573,42.0,M,20,Basico,31.15,2.0,Sim,0
574,63.0,M,25,Basico,999.0,,Nao,1
575,60.0,M,48,Premium,76.31,3.0,Nao,0
576,25.0,M,55,Premium,92.83,2.0,Sim,1
577,54.0,M,56,Basico,30.87,3.0,Nao,0
578,28.0,F,28,Intermediario,46.64,3.0,Sim,0
579,45.0,F,58,Basico,26.51,1.0,Sim,1
580,18.0,M,55,Intermediario,62.57,2.0,Sim,1
581,59.0,F,54,Intermediario,57.73,0.0,Sim,0
582,33.0,F,8,Intermediario,59.43,1.0,nao,0
583,30.0,F,17,Basico,27.8,2.0,Nao,1
584,32.0,M,54,Basico,35.2,3.0,Nao,1
585,22.0,M,22,Premium,87.87,3.0,Nao,0
586,35.0,M,4,Basico,26.21,2.0,Nao,1
587,32.0,F,19,Intermediario,65.32,3.0,nao,0
588,34.0, F,7,Basico,36.73,1.0,nao,1
589,30.0,F,6,Premium,107.36,0.0,Nao,1
590,21.0,F,40,Premium,109.3,1.0,Sim,1
591,62.0,M,26,Intermediario,39.86,3.0,Nao,0
592,61.0,F,51,Premium,94.82,1.0,Sim,0
593,47.0,F,10,Intermediario,52.81,3.0,Nao,0
594,47.0,F,6,Basico,29.56,2.0,Nao,0
595,23.0,F,32,Basico,22.16,3.0,Sim,0
596,20.0,M,42,Basico,27.93,0.0,Sim,0
597,21.0,M,4,Intermediario,47.78,3.0,Nao,1
598,28.0,M,13,Basico,erro,1.0,Sim,0
599,40.0,M,14,Basico,26.35,,Sim,1
600,64.0,F,52,Premium,95.42,2.0,Sim,1
601,64.0,M,25,Premium,99.81,3.0,Nao,1
602,51.0,M,10,Intermediario,63.67,1.0,Nao,0
603,62.0, F,7,Intermediario,51.26,3.0,Sim,1
604,35.0,F,35,Basico,27.46,0.0,Sim,0
605,23.0,F,57,Basico,26.62,0.0,Sim,0
606,30.0, F,4,Basico,35.02,3.0,Sim,1
607,24.0,M,47,Intermediario,40.99,0.0,Sim,0
608,,F,17,Basico,30.3,1.0,Sim,1
609,25.0, F,5,Basico,30.71,1.0,Sim,1
610,24.0,F,45,Basico,27.48,5.0,Sim,1
611,38.0,F,37,Intermediario,48.93,1.0,Sim,0
612,39.0,F,32,Intermediario,59.56,1.0,nao,1
613,,M,19,Basico,25.27,3.0,Sim,1
614,56.0,M,51,Basico,33.04,1.0,Sim,0
615,37.0,M,9,Premium,75.69,0.0,Sim,0
616,28.0,M,37,Intermediario,56.1,0.0,Nao,1
617,61.0,F,34,Premium,89.18,1.0,Sim,1
618,48.0,M,35,Premium,83.01,3.0,Sim,0
619,27.0,F,2,Intermediario,70.4,2.0,Sim,0
620,41.0,F,1,Basico,35.53,0.0,Sim,1
621,24.0,M,26,Basico,21.65,2.0,Nao,0
622,59.0,M,7,Premium,92.4,2.0,Sim,1
623,57.0,F,50,Intermediario,64.0,2.0,Nao,0
624,33.0,F,2,Premium,96.77,2.0,Sim,0
625,27.0,M,42,Intermediario,61.19,2.0,Sim,1
626,39.0,M,57,Basico,23.42,1.0,Nao,0
627,51.0,M,32,Intermediario,62.79,2.0,Nao,1
628,51.0,F,48,Premium,89.41,0.0,Nao,0
629,18.0,,51,Premium,70.79,3.0,Sim,0
630,45.0,M,20,Basico,30.95,2.0,Nao,1
631,35.0,M,24,Premium,99.43,1.0,Sim,0
632,53.0,M,22,Premium,86.41,5.0,Nao,0
633,20.0, F,23,Basico,33.26,2.0,Nao,0
634,33.0, F,17,Basico,24.31,2.0,Nao,1
635,61.0,F,17,Intermediario,47.4,3.0,Nao,1
636,48.0,M,35,Intermediario,57.87,1.0,Sim,1
637,40.0,F,32,Intermediario,61.08,0.0,Sim,0
638,39.0,F,2,Premium,131.49,2.0,Sim,1
639,37.0,M,44,Premium,89.53,5.0,Nao,1
640,34.0,M,2,Intermediario,57.75,3.0,Nao,0
641,52.0,M,5,Premium,115.98,,Nao,1
642,39.0,F,28,Premium,100.54,3.0,Nao,1
643,59.0,F,26,Premium,89.19,2.0,Nao,1
644,56.0,F,51,Intermediario,45.18,2.0,Sim,0
645,44.0,M,11,Basico,29.99,2.0,Nao,0
646,18.0,M,35,Premium,81.16,3.0,Nao,0
647,21.0,M,25,Premium,105.16,3.0,Nao,0
648,30.0,M,25,Intermediario,62.49,,Sim,1
649,45.0,M,54,Intermediario,69.34,2.0,Sim,0
650,46.0,F,19,Basico,31.25,0.0,Nao,1
651,52.0,F,30,Intermediario,45.22,0.0,Nao,0
652,62.0,F,15,Basico,29.99,2.0,Nao,0
653,55.0, F,23,Basico,37.91,1.0,Sim,1
654,24.0,M,48,Premium,81.25,2.0,Nao,1
655,51.0,F,4,Basico,25.8,0.0,Nao,1
656,47.0,M,50,Basico,33.38,4.0,Nao,1
657,44.0,F,32,Premium,86.94,1.0,nao,1
658,48.0,M,4,Basico,34.02,2.0,Nao,1
659,58.0,M,4,Premium,80.65,3.0,Nao,1
660,18.0, F,58,Basico,24.96,2.0,Nao,0
661,41.0,F,22,Intermediario,30.08,1.0,Sim,0
662,27.0,F,37,Premium,75.27,,Nao,1
663,60.0,M,53,Basico,39.96,1.0,Sim,0
664,60.0,F,18,Basico,25.84,1.0,Nao,1
665,48.0,M,58,Intermediario,41.26,1.0,Sim,1
666,19.0,M,44,Basico,28.65,3.0,Sim,1
667,48.0,,14,Basico,28.51,,Sim,0
668,62.0,F,22,Basico,24.12,,Sim,0
669,59.0,F,53,Intermediario,39.56,1.0,Nao,0
670,64.0,M,3,Premium,999.0,1.0,Sim,1
671,23.0,,12,Intermediario,57.86,3.0,Sim,0
672,38.0,F,3,Intermediario,30.02,0.0,nao,1
673,30.0,M,3,Basico,30.78,1.0,Sim,1
674,55.0,F,34,Intermediario,65.24,1.0,Nao,0
675,18.0,F,10,Basico,27.73,1.0,nao,1
676,31.0,M,41,Basico,28.91,1.0,Sim,0
677,22.0,M,43,Premium,86.06,1.0,Nao,1
678,44.0,M,32,Intermediario,49.99,2.0,Sim,0
679,63.0,M,57,Premium,112.95,1.0,Nao,1
680,42.0,F,20,Basico,33.32,2.0,Sim,0
681,64.0,,12,Premium,87.25,3.0,Sim,0
682,62.0,M,44,Intermediario,51.43,4.0,Nao,1
683,29.0,F,55,Basico,34.69,2.0,Nao,1
684,54.0,F,26,Premium,76.18,4.0,Sim,0
685,39.0,F,16,Intermediario,67.82,1.0,Sim,0
686,39.0,M,21,Premium,99.5,1.0,nao,0
687,23.0,F,23,Intermediario,65.74,4.0,Nao,0
688,56.0,F,23,Basico,25.41,1.0,Nao,1
689,64.0,M,40,Basico,29.08,0.0,Sim,0
690,44.0,M,9,Intermediario,38.3,2.0,Sim,0
691,62.0,F,13,Intermediario,36.4,1.0,Nao,0
692,19.0,,25,Basico,26.97,1.0,Nao,0
693,55.0,M,6,Intermediario,55.64,2.0,Nao,1
694,35.0,F,49,Intermediario,51.4,1.0,Sim,0
695,18.0,M,36,Premium,89.34,0.0,Nao,0
696,33.0,F,34,Basico,21.06,3.0,Nao,1
697,59.0,F,19,Intermediario,51.17,2.0,Nao,0
698,38.0,F,58,Premium,83.95,0.0,Nao,0
699,60.0,M,39,Intermediario,64.16,2.0,Sim,0
700,48.0,F,15,Intermediario,62.49,2.0,Sim,0
701,34.0,M,16,Premium,99.93,5.0,Sim,0
702,48.0,F,41,Basico,20.36,1.0,Nao,1
703,26.0,M,30,Basico,25.88,1.0,Nao,1
704,29.0,M,37,Basico,26.4,3.0,Nao,1
705,40.0,M,39,Basico,30.17,4.0,Nao,0
706,61.0,F,55,Basico,30.56,0.0,Nao,0
707,,M,58,Basico,23.14,2.0,Sim,0
708,22.0,F,19,Premium,95.27,1.0,Sim,0
709,33.0,F,24,Intermediario,59.84,2.0,Nao,0
710,53.0,M,7,Premium,98.01,0.0,Nao,0
711,33.0,M,47,Basico,34.01,0.0,Sim,0
712,36.0,M,42,Basico,27.02,4.0,Sim,0
713,35.0,,23,Basico,27.85,0.0,Nao,0
714,28.0,F,26,Premium,103.25,1.0,Sim,1
715,28.0,F,38,Intermediario,54.86,0.0,Nao,0
716,56.0,,30,Premium,88.05,6.0,Nao,1
717,21.0,F,35,Basico,29.68,0.0,Nao,0
718,44.0,M,16,Basico,30.36,2.0,Nao,0
719,50.0,F,50,Basico,37.31,2.0,Sim,0
720,20.0,,52,Intermediario,36.56,3.0,Sim,0
721,,F,17,Premium,78.29,,Sim,1
722,44.0,,15,Premium,83.64,3.0,Nao,0
723,51.0,F,24,Premium,90.9,3.0,Nao,1
724,,F,57,Premium,95.21,1.0,Sim,0
725,,M,25,Premium,87.28,3.0,Nao,0
726,52.0,M,37,Premium,88.4,3.0,Nao,1
727,19.0,F,4,Premium,59.72,4.0,Nao,1
728,57.0,F,9,Basico,30.73,1.0,Nao,1
729,53.0,M,22,Intermediario,59.79,1.0,Nao,1
730,35.0,F,7,Intermediario,61.8,2.0,Sim,0
731,35.0,M,27,Intermediario,69.29,1.0,Sim,1
732,23.0,F,16,Basico,22.63,2.0,Sim,0
733,35.0,M,54,Intermediario,48.08,4.0,Nao,0
734,21.0,M,3,Premium,999.0,,Nao,0
735,21.0,F,46,Premium,105.37,2.0,Sim,0
736,59.0,F,51,Intermediario,52.14,0.0,Nao,1
737,37.0,M,24,Basico,23.3,1.0,Nao,1
738,47.0,F,29,Premium,999.0,3.0,Nao,1
739,48.0,M,30,Basico,29.25,1.0,Nao,1
740,63.0, F,56,Premium,erro,0.0,Sim,0
741,36.0,F,57,Intermediario,59.85,1.0,Nao,0
742,44.0,M,21,Premium,82.98,2.0,Nao,1
743,33.0,F,28,Basico,29.18,1.0,Sim,1
744,21.0,F,14,Premium,93.18,1.0,Nao,0
745,27.0,M,50,Basico,30.17,3.0,Sim,0
746,23.0,F,19,Premium,60.47,2.0,Nao,1
747,24.0,M,15,Premium,999.0,0.0,Sim,1
748,44.0,M,57,Premium,96.18,4.0,Nao,1
749,46.0, F,26,Basico,33.12,3.0,Nao,0
750,48.0,M,18,Intermediario,68.0,6.0,Sim,0
751,38.0,M,17,Basico,32.3,,Sim,0
752,45.0,F,17,Basico,29.64,1.0,Sim,0
753,53.0,F,50,Basico,28.36,1.0,Sim,0
754,50.0,F,11,Basico,34.01,0.0,Nao,0
755,60.0,M,53,Premium,79.14,1.0,Nao,1
756,54.0,M,57,Premium,87.07,0.0,Nao,0
757,41.0,,9,Basico,26.11,3.0,Sim,0
758,46.0,M,24,Intermediario,51.85,0.0,Sim,0
759,59.0,M,48,Basico,34.03,2.0,Sim,1
760,,F,56,Premium,65.83,2.0,Nao,1
761,32.0,F,-5,Premium,101.16,2.0,Sim,0
762,35.0,M,32,Intermediario,46.67,3.0,Sim,0
763,20.0,M,43,Basico,32.53,4.0,Sim,1
764,18.0,M,49,Intermediario,59.51,0.0,Sim,1
765,33.0,F,58,Basico,24.85,3.0,Sim,1
766,31.0,M,7,Intermediario,79.01,1.0,Nao,1
767,20.0,F,52,Basico,18.18,4.0,Nao,1
768,,M,44,Premium,100.67,0.0,Sim,0
769,53.0,M,40,Basico,33.76,2.0,Nao,0
770,20.0,F,55,Intermediario,43.13,4.0,Nao,0
771,23.0,M,13,Intermediario,65.08,2.0,Sim,0
772,23.0,,20,Premium,81.76,1.0,Sim,0
773,22.0,F,11,Intermediario,62.87,2.0,Nao,1
774,23.0,M,17,Basico,27.29,6.0,Nao,1
775,27.0,F,12,Intermediario,68.14,0.0,Nao,0
776,48.0,F,51,Intermediario,56.32,1.0,Sim,1
777,51.0,,42,Premium,98.49,1.0,nao,1
778,27.0,M,34,Basico,31.51,1.0,Sim,0
779,29.0,F,9,Basico,22.07,1.0,Nao,0
780,25.0,M,36,Basico,26.69,0.0,Sim,0
781,31.0,M,48,Intermediario,38.11,4.0,Sim,1
782,55.0,,38,Intermediario,50.29,0.0,Nao,0
783,61.0,F,10,Intermediario,71.43,,Sim,0
784,23.0,M,21,Basico,31.8,1.0,Nao,1
785,35.0,F,56,Intermediario,52.2,1.0,Sim,0
786,59.0,F,32,Basico,38.11,4.0,Nao,1
787,48.0,F,7,Intermediario,66.78,1.0,Sim,1
788,52.0,M,51,Basico,28.94,2.0,Sim,1
789,47.0,F,44,Premium,82.45,4.0,Nao,1
790,59.0,M,19,Premium,68.83,2.0,Nao,1
791,33.0,M,1,Intermediario,53.28,0.0,Nao,1
792,22.0,F,26,Premium,77.09,2.0,Sim,0
793,29.0,F,2,Premium,110.55,0.0,Nao,0
794,43.0,F,26,Premium,65.51,1.0,Nao,0
795,26.0,M,32,Premium,92.03,2.0,Sim,0
796,32.0,M,42,Premium,71.58,2.0,Sim,0
797,32.0,M,48,Intermediario,51.17,4.0,Nao,1
798,44.0,F,39,Intermediario,44.6,1.0,Sim,0
799,21.0,F,40,Basico,28.18,0.0,Nao,1
800,54.0,M,48,Basico,30.25,0.0,Nao,1
801,22.0,M,54,Basico,36.74,0.0,Nao,0
802,51.0,M,13,Intermediario,69.98,3.0,Sim,0
803,50.0,F,7,Basico,35.09,,Nao,1
804,36.0,F,54,Basico,33.85,1.0,Nao,0
805,35.0,F,16,Basico,36.06,2.0,nao,0
806,,M,41,Intermediario,50.07,2.0,Sim,0
807,45.0,M,42,Premium,76.76,1.0,Sim,0
808,41.0,F,35,Intermediario,40.76,2.0,Sim,0
809,40.0,M,22,Basico,28.97,3.0,Sim,0
810,64.0,M,31,Basico,28.0,2.0,Nao,0
811,43.0,F,16,Intermediario,72.86,2.0,Nao,0
812,20.0,F,22,Basico,31.49,4.0,Sim,1
813,21.0,M,31,Basico,28.43,1.0,Sim,0
814,33.0,M,37,Intermediario,59.2,3.0,Nao,0
815,31.0,M,36,Premium,104.8,1.0,Sim,1
816,21.0,F,59,Basico,26.44,4.0,Nao,0
817,27.0,M,10,Intermediario,45.28,1.0,Nao,1
818,22.0,F,58,Premium,104.73,0.0,Sim,0
819,57.0,F,38,Basico,20.98,1.0,Nao,0
820,46.0,F,43,Premium,84.46,2.0,Nao,0
821,,F,7,Basico,35.49,4.0,Sim,0
822,38.0,M,18,Intermediario,39.34,4.0,Sim,0
823,52.0,M,41,Intermediario,71.9,1.0,Nao,1
824,61.0,M,45,Intermediario,51.15,3.0,nao,1
825,40.0,M,9,Premium,85.19,1.0,Sim,0
826,34.0,F,5,Premium,90.37,3.0,Sim,0
827,62.0,M,4,Intermediario,80.12,1.0,Nao,0
828,35.0,F,42,Intermediario,54.59,4.0,Sim,1
829,32.0,M,32,Basico,37.18,3.0,nao,0
830,18.0,F,21,Premium,84.79,1.0,Sim,0
831,49.0,M,39,Premium,46.43,3.0,Sim,0
832,61.0, F,8,Intermediario,999.0,3.0,Nao,0
833,26.0,M,59,Intermediario,48.51,3.0,Sim,0
834,42.0,F,28,Intermediario,58.77,2.0,Sim,0
835,37.0,F,38,Intermediario,59.13,0.0,Sim,0
836,61.0,F,50,Basico,26.99,0.0,Nao,0
837,56.0,M,18,Intermediario,56.22,3.0,Sim,0
838,56.0,F,55,Premium,112.75,0.0,Nao,0
839,62.0,M,58,Premium,79.2,3.0,Nao,0
840,39.0,F,10,Premium,67.09,0.0,Nao,1
841,46.0,F,48,Premium,79.26,1.0,Sim,0
842,23.0,F,19,Premium,77.78,2.0,Sim,0
843,41.0,F,38,Basico,26.85,0.0,Nao,1
844,48.0,F,56,Premium,100.98,4.0,Nao,0
845,57.0,M,49,Intermediario,56.54,0.0,Sim,0
846,45.0,M,43,Basico,28.32,,Sim,0
847,29.0,F,24,Basico,35.7,2.0,Nao,1
848,52.0,F,3,Basico,42.49,1.0,Nao,1
849,27.0,M,42,Intermediario,50.49,0.0,Nao,0
850,62.0,F,2,Basico,38.74,1.0,Nao,1
851,51.0,M,50,Basico,39.71,2.0,Sim,1
852,63.0,M,6,Basico,20.32,3.0,Sim,1
853,25.0,M,37,Intermediario,47.2,3.0,Nao,0
854,48.0,F,10,Basico,34.41,1.0,Nao,0
855,40.0,M,33,Basico,erro,3.0,Nao,0
856,45.0,M,53,Basico,25.53,0.0,Sim,0
857,44.0,M,30,Premium,80.89,1.0,Sim,0
858,51.0,M,53,Intermediario,50.96,2.0,Nao,0
859,46.0,F,54,Intermediario,41.03,2.0,Nao,0
860,50.0,M,38,Premium,108.33,5.0,Sim,0
861,35.0,F,59,Basico,25.6,4.0,nao,1
862,35.0,,44,Basico,31.74,6.0,nao,1
863,38.0,F,49,Intermediario,61.4,5.0,Sim,1
864,,M,15,Basico,28.75,1.0,Nao,1
865,64.0,F,31,Intermediario,66.0,,Nao,0
866,25.0,F,8,Intermediario,54.82,2.0,Nao,1
867,38.0,M,56,Intermediario,999.0,1.0,Nao,0
868,46.0,M,54,Intermediario,999.0,1.0,Nao,1
869,39.0,F,7,Basico,35.75,0.0,Nao,1
870,55.0,F,31,Basico,31.48,2.0,nao,0
871,41.0,M,13,Intermediario,66.89,2.0,Nao,1
872,44.0,F,58,Basico,39.25,0.0,Nao,0
873,44.0,F,1,Intermediario,999.0,1.0,Nao,0
874,23.0,F,53,Premium,77.72,3.0,Sim,0
875,56.0,M,24,Basico,34.49,2.0,Sim,0
876,64.0,M,3,Intermediario,41.32,1.0,Sim,1
877,61.0,M,45,Intermediario,59.21,2.0,Nao,0
878,32.0,M,16,Premium,81.33,3.0,Nao,0
879,22.0,M,35,Intermediario,38.35,3.0,nao,0
880,49.0,F,4,Basico,28.54,,Sim,1
881,52.0,,48,Intermediario,erro,3.0,Nao,0
882,41.0,M,43,Intermediario,65.26,3.0,Nao,1
883,35.0,F,50,Intermediario,51.8,1.0,Sim,1
884,64.0,F,39,Intermediario,46.03,0.0,Nao,1
885,34.0,M,16,Premium,72.78,2.0,Nao,1
886,31.0,F,59,Premium,90.5,2.0,Sim,0
887,19.0,M,51,Premium,erro,3.0,Nao,1
888,22.0, F,17,Intermediario,51.09,0.0,Nao,0
889,60.0,M,17,Basico,27.61,2.0,Nao,1
890,42.0,F,15,Intermediario,77.93,3.0,Sim,0
891,61.0,F,39,Basico,33.5,2.0,Nao,1
892,35.0,F,58,Intermediario,42.83,3.0,Sim,0
893,31.0,F,33,Premium,111.78,1.0,Nao,0
894,49.0,M,33,Basico,30.07,1.0,Nao,1
895,20.0,F,26,Premium,78.76,3.0,Sim,1
896,61.0,M,35,Basico,28.89,2.0,Nao,1
897,48.0,M,44,Intermediario,48.16,2.0,Nao,0
898,60.0,F,25,Basico,33.82,2.0,Sim,0
899,,F,13,Basico,30.49,2.0,Sim,0
900,29.0,M,49,Premium,84.93,3.0,Sim,0
901,63.0,M,44,Basico,28.27,2.0,Sim,0
902,64.0,M,9,Premium,97.34,2.0,Nao,1
903,25.0,M,19,Premium,72.43,1.0,Nao,0
904,58.0,F,33,Intermediario,77.74,2.0,Nao,0
905,43.0,M,32,Basico,26.66,3.0,Sim,0
906,50.0,F,43,Premium,79.01,2.0,Sim,0
907,33.0,F,13,Premium,89.89,,nao,0
908,44.0,M,41,Basico,30.89,1.0,Sim,0
909,,F,58,Basico,28.76,4.0,Sim,1
910,42.0,F,13,Basico,33.13,1.0,Sim,1
911,26.0,M,15,Basico,35.84,2.0,Sim,1
912,59.0,F,56,Intermediario,53.95,,Sim,1
913,29.0,F,5,Intermediario,59.68,0.0,Sim,0
914,29.0,M,13,Premium,89.7,1.0,Nao,0
915,41.0,M,35,Premium,92.28,3.0,Sim,0
916,58.0,F,43,Premium,90.15,1.0,Nao,0
917,19.0,M,24,Premium,85.59,1.0,Sim,0
918,18.0,F,53,Basico,31.35,2.0,Nao,0
919,18.0,M,21,Premium,88.84,1.0,Nao,1
920,34.0,M,59,Basico,30.37,0.0,Nao,0
921,,M,39,Intermediario,48.92,4.0,Sim,1
922,41.0,F,31,Premium,98.89,2.0,Nao,0
923,48.0,F,11,Basico,33.61,2.0,Nao,1
924,46.0,F,20,Intermediario,56.12,1.0,Sim,0
925,19.0,F,57,Basico,29.56,1.0,Sim,1
926,30.0,F,19,Intermediario,70.89,,nao,0
927,29.0,M,30,Intermediario,56.93,,Nao,1
928,50.0,M,8,Intermediario,48.49,3.0,Nao,1
929,,F,39,Intermediario,53.72,1.0,Sim,1
930,30.0,F,59,Premium,91.2,2.0,Sim,0
931,33.0,M,41,Premium,100.64,2.0,Sim,0
932,52.0,F,26,Premium,99.27,2.0,Nao,0
933,42.0,,21,Basico,30.11,4.0,Sim,1
934,40.0,,46,Premium,101.06,0.0,Nao,0
935,26.0,F,33,Intermediario,56.32,6.0,nao,1
936,33.0,F,26,Premium,93.82,1.0,Nao,1
937,24.0,M,16,Premium,84.41,0.0,Nao,1
938,38.0,F,50,Basico,999.0,1.0,Sim,1
939,23.0,F,24,Premium,104.3,0.0,Nao,0
940,55.0,F,3,Intermediario,45.76,2.0,Nao,0
941,62.0,M,34,Premium,74.01,2.0,Sim,0
942,48.0,F,24,Premium,125.69,1.0,Sim,0
943,31.0,F,40,Intermediario,50.33,0.0,Nao,0
944,44.0,M,25,Premium,85.05,1.0,Nao,1
945,54.0,M,26,Basico,999.0,0.0,Sim,0
946,39.0,F,19,Intermediario,50.76,1.0,Sim,0
947,28.0,F,31,Basico,31.42,1.0,Nao,1
948,60.0,F,37,Intermediario,65.11,2.0,Sim,0
949,37.0,F,15,Basico,36.99,0.0,Nao,0
950,28.0,M,28,Premium,104.54,1.0,Sim,0
951,54.0,M,18,Intermediario,55.47,4.0,Nao,1
952,31.0,F,56,Intermediario,42.22,1.0,Nao,0
953,60.0,F,15,Basico,30.65,1.0,Sim,1
954,30.0,,5,Intermediario,53.58,1.0,Nao,1
955,52.0,F,37,Intermediario,41.64,1.0,Nao,1
956,48.0,,34,Basico,35.06,1.0,Nao,0
957,29.0,M,45,Intermediario,67.18,2.0,Nao,1
958,47.0,F,17,Premium,76.22,0.0,Nao,1
959,,F,6,Basico,28.04,0.0,Nao,1
960,57.0,F,47,Intermediario,52.66,0.0,Sim,0
961,41.0, F,1,Premium,91.82,0.0,Sim,0
962,,F,22,Intermediario,59.97,3.0,Sim,0
963,45.0,M,24,Basico,33.54,3.0,Sim,1
964,25.0,F,39,Premium,94.97,1.0,Nao,0
965,24.0,M,40,Intermediario,999.0,0.0,Nao,0
966,55.0,M,4,Premium,72.7,0.0,Sim,1
967,42.0,F,7,Premium,87.34,3.0,Nao,1
968,57.0,M,3,Intermediario,54.98,2.0,Nao,1
969,36.0, F,58,Premium,50.05,1.0,Nao,1
970,31.0,M,44,Intermediario,55.09,3.0,Nao,1
971,21.0,F,51,Basico,29.64,1.0,Sim,0
972,19.0,F,12,Premium,105.39,1.0,Sim,0
973,46.0,M,59,Basico,32.94,0.0,Nao,1
974,51.0,F,44,Intermediario,52.94,2.0,Nao,0
975,61.0,F,40,Intermediario,55.41,0.0,Sim,0
976,57.0,M,32,Intermediario,69.1,4.0,Sim,1
977,24.0,M,15,Intermediario,63.01,2.0,Nao,0
978,63.0,F,22,Intermediario,51.08,3.0,Sim,0
979,54.0,F,27,Intermediario,65.87,3.0,Sim,0
980,46.0,F,13,Premium,94.73,2.0,Sim,0
981,30.0,M,1,Intermediario,53.66,2.0,Nao,0
982,27.0,F,25,Intermediario,47.33,2.0,Nao,1
983,43.0,F,14,Intermediario,47.93,1.0,Sim,0
984,52.0,F,13,Basico,32.61,,Sim,0
985,46.0,F,59,Basico,999.0,4.0,Nao,1
986,42.0,M,24,Basico,27.36,3.0,nao,0
987,32.0,M,31,Basico,26.42,2.0,Nao,0
988,31.0,F,27,Intermediario,erro,4.0,Sim,1
989,30.0,M,28,Basico,35.22,4.0,Sim,0
990,39.0,,8,Basico,36.81,,Nao,1
991,25.0,M,23,Basico,29.42,5.0,Sim,1
992,55.0,M,53,Basico,34.05,2.0,nao,1
993,34.0,F,15,Intermediario,51.65,4.0,Sim,0
994,52.0,M,34,Basico,23.29,1.0,Sim,1
995,,F,16,Basico,26.14,6.0,nao,1
996,26.0,M,58,Basico,34.45,0.0,Nao,1
997,63.0,M,22,Basico,30.43,3.0,Nao,1
998,51.0,M,50,Basico,27.88,3.0,Sim,1
999,42.0,M,3,Intermediario,62.38,7.0,Nao,1
1000,53.0,M,23,Premium,73.89,1.0,Sim,0
1001,58.0,M,47,Basico,30.16,0.0,Nao,1
1002,38.0,M,40,Basico,34.03,3.0,Sim,1
1003,25.0,F,48,Premium,87.99,3.0,Sim,0
1004,,F,49,Basico,32.6,1.0,Sim,1
1005,,F,7,Premium,100.34,1.0,Nao,0
1006,28.0,M,9,Premium,79.75,0.0,Sim,0
1007,53.0,F,28,Basico,28.31,4.0,Nao,0
1008,19.0,M,39,Premium,92.07,2.0,Nao,1
1009,19.0,F,16,Intermediario,61.32,2.0,Sim,0
1010,54.0,M,2,Intermediario,57.73,1.0,Nao,1
1011,43.0,F,7,Intermediario,47.76,4.0,Sim,0
1012,26.0,M,25,Intermediario,54.99,2.0,Sim,0
1013,28.0,F,33,Basico,29.11,1.0,Sim,1
1014,48.0,F,27,Premium,60.08,1.0,Sim,0
1015,43.0,F,53,Basico,38.45,2.0,Nao,0
1016,38.0,M,13,Premium,999.0,3.0,Nao,0
1017,53.0,M,17,Intermediario,57.19,,Nao,0
1018,42.0,M,19,Intermediario,50.54,2.0,Nao,0
1019,63.0,F,49,Intermediario,48.65,2.0,Sim,0
1020,64.0,M,51,Intermediario,54.59,3.0,Sim,0
1021,46.0, F,43,Basico,35.0,3.0,Sim,1
1022,60.0,M,6,Basico,42.19,3.0,Sim,0
1023,54.0,M,6,Premium,95.32,3.0,Sim,0
1024,55.0,M,6,Basico,40.08,3.0,Sim,0
1025,28.0,M,12,Intermediario,73.08,1.0,Sim,0
1026,35.0,M,41,Intermediario,60.06,3.0,Sim,1
1027,19.0,M,38,Basico,32.57,1.0,Sim,0
1028,62.0,M,52,Basico,23.12,2.0,Nao,1
1029,32.0,F,18,Basico,19.83,2.0,Nao,1
1030,47.0,F,42,Intermediario,41.19,3.0,Nao,1
1031,40.0,F,21,Basico,26.17,1.0,Sim,1
1032,50.0,F,24,Basico,35.85,2.0,Nao,1
1033,30.0,F,16,Premium,69.96,3.0,Sim,0
1034,60.0,M,29,Intermediario,62.24,1.0,Sim,0
1035,45.0,M,29,Basico,26.12,2.0,Sim,0
1036,49.0,F,42,Premium,91.18,4.0,Sim,0
1037,56.0,M,7,Intermediario,40.04,4.0,Sim,0
1038,21.0,M,9,Intermediario,45.82,3.0,Sim,0
1039,36.0,F,48,Intermediario,40.0,2.0,Sim,0
1040,54.0,F,17,Intermediario,51.53,2.0,Nao,0
1041,19.0,F,30,Premium,87.51,0.0,Nao,0
1042,21.0,M,37,Premium,89.87,2.0,Sim,0
1043,19.0,F,48,Premium,106.26,3.0,Sim,0
1044,,F,41,Premium,93.15,0.0,Nao,0
1045,40.0,F,7,Premium,83.69,2.0,Nao,0
1046,23.0,M,37,Basico,27.88,4.0,Nao,0
1047,43.0,M,36,Basico,24.73,,Sim,0
1048,,,18,Basico,32.14,,Nao,1
1049,38.0,,1,Premium,66.88,5.0,Sim,1
1050,37.0,M,1,Basico,33.38,0.0,Nao,1
1051,32.0,F,49,Basico,28.15,0.0,Sim,0
1052,45.0,F,42,Basico,28.36,3.0,Sim,0
1053,25.0,M,21,Intermediario,42.22,0.0,Nao,1
1054,28.0,F,20,Premium,93.88,2.0,Sim,0
1055,42.0,M,3,Premium,87.64,3.0,Sim,0
1056,19.0,F,32,Premium,117.8,,Sim,0
1057,30.0,,15,Basico,34.21,2.0,Nao,0
1058,60.0,F,20,Premium,90.35,4.0,Sim,1
1059,48.0,F,42,Premium,91.16,3.0,Sim,0
1060,23.0,M,29,Intermediario,35.36,3.0,Sim,1
1061,39.0,F,25,Intermediario,36.07,1.0,Nao,0
1062,45.0,M,13,Basico,31.56,1.0,Sim,0
1063,51.0,,8,Basico,29.08,1.0,Sim,0
1064,54.0,F,41,Basico,20.89,0.0,Sim,1
1065,21.0,M,35,Basico,29.69,3.0,Sim,0
1066,48.0,F,58,Premium,108.44,0.0,Nao,0
1067,35.0,F,30,Basico,40.01,4.0,Sim,1
1068,31.0,M,51,Basico,28.98,2.0,Sim,1
1069,37.0,F,35,Premium,71.47,3.0,Sim,0
1070,44.0,F,21,Premium,112.85,4.0,Nao,1
1071,43.0,M,38,Intermediario,56.63,1.0,nao,0
1072,30.0,M,58,Intermediario,76.61,3.0,Nao,0
1073,31.0,M,48,Intermediario,55.86,1.0,Sim,0
1074,64.0,M,48,Intermediario,49.13,3.0,Nao,0
1075,37.0,F,16,Intermediario,44.03,1.0,Sim,0
1076,50.0,F,30,Premium,116.91,3.0,Sim,0
1077,50.0,M,45,Intermediario,51.21,1.0,Nao,1
1078,61.0,F,11,Premium,999.0,1.0,Nao,1
1079,41.0,F,57,Intermediario,56.04,2.0,Sim,0
1080,22.0,,55,Premium,120.91,0.0,Nao,0
1081,62.0,M,52,Premium,81.6,1.0,Nao,0
1082,64.0,F,41,Intermediario,66.19,3.0,Sim,0
1083,28.0,F,49,Premium,111.69,1.0,Nao,0
1084,29.0,M,30,Premium,75.01,1.0,Nao,0
1085,56.0,M,26,Intermediario,55.19,2.0,Sim,0
1086,34.0,F,38,Premium,69.16,4.0,Sim,1
1087,61.0,M,46,Intermediario,62.58,4.0,Nao,0
1088,42.0,F,12,Premium,69.9,2.0,Nao,0
1089,42.0,,-5,Intermediario,54.36,4.0,Sim,1
1090,50.0,F,2,Premium,68.24,4.0,Sim,0
1091,31.0,F,29,Basico,31.37,0.0,Nao,1
1092,44.0,F,10,Basico,25.01,1.0,Sim,0
1093,21.0,F,14,Basico,30.03,1.0,Nao,0
1094,43.0,F,17,Basico,25.99,0.0,Sim,1
1095,32.0,M,13,Basico,40.94,0.0,Nao,0
1096,39.0,M,15,Basico,28.83,0.0,nao,0
1097,26.0,F,52,Premium,85.56,0.0,Sim,0
1098,54.0,F,29,Basico,37.94,0.0,Sim,1
1099,23.0,F,40,Intermediario,53.53,,Sim,1
1100,60.0,F,15,Basico,20.13,1.0,Nao,1
1101,64.0,,9,Intermediario,57.7,3.0,Nao,0
1102,39.0,M,49,Premium,84.26,1.0,Nao,0
1103,43.0,F,8,Basico,25.3,4.0,Nao,1
1104,20.0,M,35,Basico,32.38,0.0,nao,0
1105,51.0,M,32,Basico,37.27,,Sim,1
1106,36.0,,33,Basico,37.15,1.0,Nao,0
1107,,F,14,Basico,19.95,3.0,Nao,0
1108,26.0,M,32,Intermediario,55.94,0.0,Nao,0
1109,23.0,F,14,Premium,76.86,3.0,Nao,1
1110,43.0,M,45,Premium,77.91,3.0,Nao,1
1111,61.0,F,45,Basico,33.47,2.0,Sim,1
1112,23.0,F,26,Basico,33.58,1.0,Sim,0
1113,18.0,M,48,Premium,92.69,0.0,Sim,0
1114,25.0,F,-5,Intermediario,68.45,2.0,Sim,0
1115,31.0,F,49,Premium,81.54,3.0,Sim,0
1116,57.0,M,6,Premium,67.59,1.0,Nao,0
1117,34.0,F,52,Intermediario,55.27,4.0,Nao,0
1118,59.0,F,4,Premium,86.0,2.0,Sim,1
1119,56.0,M,10,Premium,59.71,4.0,Nao,0
1120,24.0,M,36,Premium,98.23,,Sim,0
1121,32.0,F,26,Basico,27.47,,Nao,1
1122,64.0,M,26,Intermediario,45.57,2.0,Sim,1
1123,23.0,F,13,Premium,107.51,0.0,Sim,1
1124,31.0,F,47,Intermediario,46.74,1.0,Nao,1
1125,24.0,F,42,Intermediario,65.23,1.0,Nao,0
1126,64.0,F,33,Basico,29.05,1.0,Nao,1
1127,50.0,F,37,Basico,30.1,3.0,Sim,0
1128,23.0,F,25,Basico,22.67,0.0,Nao,0
1129,59.0,F,42,Intermediario,57.92,4.0,Nao,1
1130,29.0,M,20,Basico,33.78,2.0,Sim,0
1131,54.0,F,46,Intermediario,70.03,1.0,Nao,0
1132,,F,30,Basico,28.39,0.0,Nao,1
1133,26.0,F,22,Basico,32.77,1.0,Sim,0
1134,39.0,F,10,Premium,69.35,,Nao,0
1135,49.0,M,41,Premium,90.44,2.0,Sim,1
1136,52.0,F,41,Intermediario,43.42,4.0,Sim,1
1137,33.0,M,16,Intermediario,45.39,2.0,Nao,1
1138,61.0,F,36,Basico,32.65,1.0,Nao,0
1139,38.0,M,9,Premium,70.63,3.0,Sim,0
1140,34.0,,39,Basico,31.64,1.0,Sim,1
1141,24.0,F,9,Basico,30.1,4.0,Sim,0
1142,28.0,M,33,Intermediario,75.0,,Nao,1
1143,63.0,F,47,Premium,114.48,1.0,Sim,1
1144,60.0,F,49,Basico,32.05,2.0,Nao,1
1145,,F,43,Basico,33.31,2.0,nao,1
1146,62.0,M,12,Basico,24.47,2.0,Sim,0
1147,20.0,F,49,Premium,93.65,2.0,Nao,0
1148,21.0,M,15,Basico,27.65,0.0,Nao,1
1149,64.0,M,42,Premium,71.42,1.0,Nao,1
1150,61.0,M,1,Premium,104.41,2.0,Sim,1
1151,46.0,F,58,Intermediario,52.31,5.0,Nao,0
1152,48.0,F,21,Basico,37.5,4.0,Nao,1
1153,20.0,F,1,Premium,88.85,3.0,nao,0
1154,50.0,M,13,Basico,30.98,4.0,Sim,1
1155,48.0,F,16,Intermediario,55.55,2.0,Nao,0
1156,30.0,F,3,Basico,28.4,0.0,Sim,1
1157,45.0,M,19,Premium,51.54,4.0,Nao,1
1158,39.0,F,45,Basico,29.51,,Nao,1
1159,22.0,M,49,Premium,99.69,2.0,Nao,1
1160,,M,58,Intermediario,44.01,2.0,Sim,0
1161,50.0,F,8,Intermediario,66.81,1.0,Sim,0
1162,20.0,M,51,Basico,32.02,6.0,Nao,0
1163,19.0,M,7,Basico,26.29,1.0,Sim,0
1164,38.0,F,39,Intermediario,40.39,2.0,Nao,1
1165,50.0,F,2,Basico,27.82,3.0,Sim,0
1166,37.0,F,3,Intermediario,69.4,0.0,Nao,1
1167,53.0,M,8,Basico,21.66,2.0,nao,1
1168,49.0,F,24,Intermediario,57.09,0.0,Nao,0
1169,24.0,M,33,Intermediario,46.97,2.0,Nao,0
1170,51.0,M,19,Premium,66.76,3.0,Nao,0
1171,21.0, F,27,Basico,erro,3.0,Nao,0
1172,44.0,F,17,Basico,33.8,2.0,Nao,0
1173,50.0,F,1,Intermediario,61.61,,Sim,0
1174,35.0,F,1,Intermediario,54.17,2.0,Nao,0
1175,22.0,M,55,Premium,75.03,3.0,Nao,1
1176,33.0, F,47,Intermediario,60.19,1.0,Nao,1
1177,42.0,M,32,Intermediario,40.65,2.0,Sim,0
1178,42.0,F,13,Intermediario,49.21,2.0,Nao,0
1179,39.0,M,50,Intermediario,44.97,1.0,Sim,0
1180,62.0,F,17,Premium,84.61,5.0,Sim,1
1181,44.0,M,54,Premium,87.99,2.0,Nao,1
1182,26.0, F,52,Premium,83.67,1.0,Nao,1
1183,39.0,M,43,Intermediario,60.89,4.0,Sim,1
1184,41.0,F,5,Premium,100.93,1.0,Nao,0
1185,36.0,F,16,Intermediario,62.61,,Nao,1
1186,25.0,M,43,Intermediario,60.13,4.0,Nao,1
1187,57.0,M,3,Basico,31.48,3.0,Nao,1
1188,55.0,F,40,Premium,71.7,1.0,Nao,0
1189,36.0,M,3,Basico,33.31,3.0,Nao,1
1190,50.0,F,5,Basico,30.71,3.0,Sim,1
1191,64.0,M,54,Premium,93.38,1.0,Nao,1
1192,63.0,M,54,Premium,113.69,1.0,Sim,1
1193,,,26,Basico,31.87,,Sim,0
1194,18.0,M,40,Basico,25.22,0.0,Nao,1
1195,19.0,M,40,Premium,88.35,3.0,Sim,0
1196,26.0,M,26,Basico,26.87,3.0,Nao,0
1197,25.0,M,14,Intermediario,59.81,0.0,Sim,0
1198,,F,50,Premium,76.02,1.0,Sim,0
1199,19.0,M,-5,Intermediario,45.46,1.0,nao,0
1200,50.0,F,42,Basico,32.27,4.0,Nao,1
